{"cameraMode":{"drawMode":0,"name":"Shaded","section":"Shading Mode"},"sceneLighting":true,"audioPlay":false,"sceneViewState":{"m_AlwaysRefresh":false,"showFog":true,"showSkybox":true,"showFlares":true,"showImageEffects":true,"showParticleSystems":true,"showVisualEffectGraphs":true,"m_FxEnabled":true},"in2DMode":false,"pivot":{"x":0.2808101177215576,"y":0.6408306956291199,"z":0.0680999904870987},"rotation":{"x":-0.19867363572120667,"y":0.5116137266159058,"z":-0.12293058633804321,"w":-0.8268424272537231},"size":0.050517234951257709,"orthographic":false}